Site 1,Site 2,Site 3,Site 4,Site 5,Location,Links,GPT Response
https://www.clarkcountynv.gov/government/departments/elections/index.php,https://www.clarkcountynv.gov/government/departments/human_resources/about_human_resources/bargaining_contracts.php,https://emrb.nv.gov/uploadedFiles/emrbnvgov/content/Resources/counties/Clark%20County%20and%20SEIU%20Clark%20County%20Non-Supervisory%20CBA%20-%20July%202021.pdf,,,[object Object],"https://www.clarkcountynv.gov/government/departments/elections/index.php),https://www.clarkcountynv.gov/government/departments/human_resources/about_human_resources/bargaining_contracts.php),https://emrb.nv.gov/uploadedFiles/emrbnvgov/content/Resources/counties/Clark%20County%20and%20SEIU%20Clark%20County%20Non-Supervisory%20CBA%20-%20July%202021.pdf),https://www.clarkcountynv.gov/government/departments/elections/index.php](https://www.clarkcountynv.gov/government/departments/elections/index.php)","The websites were analyzed for information on local candidates running for office. Here are the results:

1. [Website 1 - Clark County Election Department](https://www.clarkcountynv.gov/government/departments/elections/index.php) contains data on local candidates running for office.
2. [Website 2 - Welcome to Clark County, NV - Human Resources Bargaining Contracts](https://www.clarkcountynv.gov/government/departments/human_resources/about_human_resources/bargaining_contracts.php) does not contain data on local candidates.
3. [Website 3](https://emrb.nv.gov/uploadedFiles/emrbnvgov/content/Resources/counties/Clark%20County%20and%20SEIU%20Clark%20County%20Non-Supervisory%20CBA%20-%20July%202021.pdf) does not contain data on local candidates.

Therefore, the relevant URL is:

- [https://www.clarkcountynv.gov/government/departments/elections/index.php](https://www.clarkcountynv.gov/government/departments/elections/index.php)"
https://www.rgj.com/story/news/politics/elections/2024/03/16/heres-who-will-be-on-washoe-county-ballots-for-the-june-2024-primary/72994978007/,https://www.washoecounty.gov/voters/2024-election/vote_centers.php,https://thenevadaindependent.com/article/whats-at-stake-in-the-two-washoe-county-commission-races-this-year,,,[object Object],"https://www.rgj.com/story/news/politics/elections/2024/03/16/heres-who-will-be-on-washoe-county-ballots-for-the-june-2024-primary/72994978007/](https://www.rgj.com/story/news/politics/elections/2024/03/16/heres-who-will-be-on-washoe-county-ballots-for-the-june-2024-primary/72994978007/),https://thenevadaindependent.com/article/whats-at-stake-in-the-two-washoe-county-commission-races-this-year](https://thenevadaindependent.com/article/whats-at-stake-in-the-two-washoe-county-commission-races-this-year)","The following websites contain data on local candidates running for office:

1. [Website 1 - https://www.rgj.com/story/news/politics/elections/2024/03/16/heres-who-will-be-on-washoe-county-ballots-for-the-june-2024-primary/72994978007/](https://www.rgj.com/story/news/politics/elections/2024/03/16/heres-who-will-be-on-washoe-county-ballots-for-the-june-2024-primary/72994978007/)
2. [Website 3 - https://thenevadaindependent.com/article/whats-at-stake-in-the-two-washoe-county-commission-races-this-year](https://thenevadaindependent.com/article/whats-at-stake-in-the-two-washoe-county-commission-races-this-year)"
https://www.carson.org/government/departments-a-f/clerk-recorder/elections-department,https://www.nevadaappeal.com/news/2024/jan/06/nevada-gop-lists-locations-for-feb-8-caucus/,https://www.carson.org/government/departments-a-f/clerk-recorder/recorders-office,,,[object Object],"https://www.carson.org/government/departments-a-f/clerk-recorder/elections-department)**,https://www.nevadaappeal.com/news/2024/jan/06/nevada-gop-lists-locations-for-feb-8-caucus)**,https://www.carson.org/government/departments-a-f/clerk-recorder/recorders-office)**","The information analyzed from the provided websites indicates the following:

- **Website 1 (https://www.carson.org/government/departments-a-f/clerk-recorder/elections-department)** primarily provides information on voter registration processes.

- **Website 2 (https://www.nevadaappeal.com/news/2024/jan/06/nevada-gop-lists-locations-for-feb-8-caucus)** lists locations for the Nevada GOP caucus and candidates for the presidential caucus but does not mention local candidates.

- **Website 3 (https://www.carson.org/government/departments-a-f/clerk-recorder/recorders-office)** discusses a recording notification service but does not provide information on local candidates running for office.

Based on this analysis, none of the websites provide data on local candidates running for office.

**Result: Not Found**"
